1030.1,1501.7,703.31,1003.1,855.42,644.95,1089.7,760.44,708.22,675.93,722.92,493.9,465.2,928.96,1009.7,1478.6,1271.2,744.36,667.08,859.93,1292.2,539.05,323.13,1156.4,335.14,1218.6,79.672,1046.2,409.51,1444.9,1281.3,501.66,1455.9,872.32,1419.6,608.56,640.05,645.01,1063.9,734.51,581.9,708.67,632.88,960.25,817,843.15,607,710.56,967.08,614.05,735.3,785,835.53,748.9,226.8,495.85,213.12,1010.4,626.98,1105.3,362.93,82.186,196.68,1602.6,238.81,1180.6,1286,442.38,921.91,853.57,1157.3,359.3,801.24,871.63,1039.2,897.09,870.59,1452.1,1212.1,848.14,406.38,1441.8,1383.6,840.92,573.49,1359.4,1156.9,1286.7,834.25,907.84,748.62,797.62,595.27,388.89,1405.6,668.26,1559.5,726.91,355.59,635.37,1636.4,829.04,496.65,871.91,1057.8,1442.3,760.73,526.24,1121.7,791.59,631.33,1180.3,662.19,524.92,754.45,1688,625.67,681.54,1732.8,626.8,277.27,824.49,937.36,922.78,971.31,714.6,750.05,475.44,648.84,792.24,1335.2,752.22,949.37,946.51,1449.6,576.16,513.71,633.57,720.57,1645.6,532.73,542.51,748.97,1001.8,735.83,1002.8,1135.9,904.29,944.29,947.03,808.82,527.68,618.07,1253.6,76.886,696.83,1220.1,976.6,1742.3,617.51,1405.3,939.35,838.96,1261.2,1249,1154.1,937.36,1035.1,891.59,1148.5,169.8,851.15,871.4,1844.7,1509.3,297.39,1487.8,177.2,1219.1,1592.7,1646.3,1589.5,242.68,19.145,1590.8,638.8,1311.3,1044.1,1078.8,175.85,1050.3,1099.7,1800.2,1837.1,775.35,1476.6,1580.2,1280.9,1196.9,159.8,1235.7,1393,408.67,1261.9,531.7,381.11,1758.5,1315.4,1270.5,1427.6,1508.1,1656.6,142.36,2084.2,940.72,753.77,1306.7,301.18,955.67,778.86,223.32,901.5,1016.8,1049.8,1074.8,203.18,12.219,678.1,526.31,758.44,496.05,584.77,439.1,411.21,1921.1,1857.3,804.65,747.82,1454.6,792.45,1048.9,1502.8,271.25,903.46,1555.8,170.12,2100.5,268.94,1495,1986.2,458.66,1370.9,2053.6,2164.2,377.72,2193.6,1283,1527.6,1534,390.14,1482.6,929.93,710.74,1233.2,540.25,2271.4,267.74,2184,2144.8,1744,827.03,548.77,427.89,607.81,387.64,1367,1224.8,1229.3,1763.8,1325.8,676.57,557.02,1502.1,1218.5,235.82,559.53,1498.8,1340.7,578.79,800.72,1776.6,1131.1,1099.9,1451.2,1425.9,981.33,773.68,932.17,1552.1,653.46,1091.4,1223.2,879.02,1494.9,2173.1,1247,1191.7,470.71,1446.9,1268.4,1423,1609.9,1456.5,662.23,292.48,339.77,1566.4,996.45,1845.1,1527.5,1443.1,1180.3,686.22,933.5,115.72,1156,571.38,444.52,302.85,519.85,235.86,714.39,390.6,322.91,333.91,375.59,286,486.6,364.86,258.15,396.87,429.51,322.95,504.33,354.31,314.49,343.24,427.95,400.5,435.07,339.42,354.12,418.6,404.51,318.99,480.16,327.96,300.77,420.72,487.37,252.15,882.77,348.54,303.38,360.83,470.27,270.05,871.1,350.85,328.68,387.54,403.65,376.4,685.49,382.5,390.3,521.06,322.99,250.87,530.55,435.51,454.84,377.97,300.43,404.66,463.18,571.88,371.38,296.19,336.75,426.57,386,530.89,451.94,471.78,413.41,399.65,308.01,584.41,355.9,380.61,412.24,447.53,442.41,377.95,471.44,395.6,353.06,306.1,453.72,448.69,276.4,536.23,438.02,330.1,321,396.92,423.74,350.49,373.28,314.81,362.43,408.89,394.17,380.39,317.48,382.53,345.5,475.38,433.9,420.4,282.78,526.74,434.88,330.27,317.45,325.95,301.07,432.73,407.23,122.58,483.36,263.27,575.57,515.68,284.53,300.27,414.42,411.87,515.12,271.25,364.73,399.45,437.75,389.29,403.44,410.93,124.19,494.76,312.96,275.07,743.17,460.3,440.33,462.66,159.11,453.21,337.94,501.92,312.61,399.38,529.92,681.31,269.77,392.19,431.31,441.4,1329.5,320.38,468.68,408.52,1175,324.3,550.57,440.64,255.09,393.17,446.71,500.1,1270.8,999.45,406.81,477.2,431.88,351.65,185.32,376.47,1053.9,343.37,635.16,399.14,1276.2,442.65,543.41,340.35,1087.9,219.26,443.53,395.11,505.77,458.55,707.57,1114.4,661.2,240.43,433.12,505.21,164.45,1024.2,1384.6,571.24,311.15,780.68,1084.6,460.77,622.66,318.17,463.49,544.87,772.07,1407.6,1719.2,1363.3,912.95,741.66,270.2,959.36,1191.3,962.82,832.87,374.76,1538.8,1032.4,1418.3,399.23,660.76,688.47,1613.7,747.7,682.24,1254.3,680.28,932.82,1068.4,713.85,528.1,1275.8
1953.9,2195,1875.9,1754.2,1776.9,1840.6,2281.9,1877.4,1141.4,1480,1451.2,1705.6,1463,1494.9,1219.4,2589.3,1937.8,1506.5,1641.4,1764.1,2413.5,1738.9,1583.5,2316.2,1449.4,1903.9,1569.2,2456.9,1557.6,2157.7,2651.2,1091.2,1981.7,1736.2,1992.4,1877.1,2415.1,2272.5,1694.8,1823.6,2128.4,1507,1894.4,2065.5,1555.1,2098.6,1759.9,1692.2,2418.6,1831.5,2098.2,1793.3,1801.7,1386.4,2217,1771.3,1692.9,2221.3,1681.3,2427.8,1448.1,1497.1,1689.7,2744.1,1886.8,1736.2,2874.3,1315.6,1601.7,1516.3,1678.4,1651.8,1260.8,1892.7,1955,2148.7,1748.3,2688,2033.9,1488.9,1458.8,2322.7,1997.6,1726.4,2178.9,1677.3,2287.4,2662.6,1865,1728.5,1848,1800.9,1954.8,1989.2,2312.6,1196.9,2524.5,2504.1,1759.6,2110.6,2214.9,1539.4,1770.1,1005.6,2038.3,2420.9,2151.9,2018.9,1642.9,1527.4,1433,1817,2067.1,1821.2,2008.7,2178.1,1630.5,1865.5,2566.4,1862.2,2283.6,1598.9,1711,1641.5,2234.9,1647.3,1403.3,1295.1,1238.3,2116.7,2375.5,1497.9,2068.7,1605.1,2341,1614.7,1477.5,1726.7,1631.4,2031.8,1614.4,1837.8,2358.9,2540.5,1287.7,1864,1604.4,1723.6,1864.8,1427.3,1475.2,1703.4,1318.8,2424.3,2082.8,1864,2333.4,2406.6,2917.8,2137,2462.5,2257.7,2500.7,2204.1,2169.1,1779.3,2351.5,1966.8,1937.2,2307.2,1438.6,2178.5,2295.8,2586.7,2455.5,1172.1,3063.1,1712,2065.2,1675.9,2794.7,2556.2,1930.9,1385.4,2366.4,2115,1967.1,2323.4,2730.5,1876.2,2201.1,2429.3,2456.8,2240.7,2311,2657.4,2498.2,1362.1,2140.1,1389.1,2912.9,1752.7,1908.2,1931.8,1551.4,1616.8,2342.8,2098.2,2327.1,2388.4,2342.8,2429.8,1857.9,2751.5,2246.1,3032.7,2778.4,2064.7,1986.3,2256,1398.3,2533.9,2547.7,2531.8,2450.3,1624,1342.1,1941.1,2297.7,2192.5,1366.7,1981.5,1611.4,1971.4,3036.9,2695.1,2527,2093.3,2607.9,2630.3,2432.9,2009.8,2350.7,1001.9,2537.7,1983,3190.3,2469.7,2882.1,2913.2,2199.6,2895.2,3058.4,3094.5,1884.3,2933.3,2429.3,2491.4,2451.9,2310.5,2310.2,2068.7,1643,2617,2119.6,2577.4,1870.8,2342.7,2525.4,2411.5,2259.3,2194.2,2041,2297.5,1602.8,2549,2825.7,2013.4,2542.3,2740.7,1686,1310.7,2558.4,2502.4,1573.5,1815.5,1784.9,2871.3,1813.4,1780.6,2684.8,1930,2512,2476.7,2524.7,1875.5,1870.2,2474.2,2586,1922.5,2664.4,2457,2327,2260.4,2604.2,2227.1,2421.8,2049.1,2583.8,2293.9,2347.7,2546.9,2771.6,1912.7,1774.2,2074.7,2226.9,2036.4,2429.9,2102,1903.8,2156,2324,2003.1,1875.9,2234.3,1834.2,1986,1476.3,2047.1,1841.4,1920.4,2010,1763.2,1733.3,1894,1756.3,1726.4,1960.5,1857.5,1398.9,1926.9,1715.9,1242.9,2064.3,1824,1875.3,1858.5,1758,1359.8,2005.2,1787.7,1882.5,1761.7,2188.2,1489.8,1947.7,1852.2,2084.4,2235.2,2061.1,2152.3,1967.1,1727.6,1933.5,1472.3,2070.4,2242.1,1985,2149.4,1901,2306.1,2285.1,1979.8,2090.7,1668.1,2151.2,2052.3,1083.1,1087.9,1809.9,1726.2,1882.1,1739.1,1993.6,1491.1,1465.8,1898.1,1996,1786.6,2165.8,1548.9,2015.1,1829.4,2217.5,1813.2,2192.8,1189.3,2678,1579.1,1914.7,1754.4,1795.5,2171.3,1879.4,1552.3,2042.3,2059.8,1969.8,2116.4,1696.6,1633.4,1992.8,1620.5,1570.8,1890.4,1831.2,1882.3,1513.8,2202.8,1693.6,1695.1,1831.8,1561.4,739.73,1983.6,1253.8,2198.6,1702.6,2069.5,2064.5,1586.9,2682.9,1667.2,1392,1651.6,1626.1,1970.3,1620.2,1293.2,1939.8,1792.9,1519.8,1271.8,2069.3,1947.6,2034.7,1584.1,1595.5,1246.6,2095.6,1171.9,1525.3,1604.9,1568.5,1865.3,1422,1384.9,1488.9,2213.9,1494.8,2061,2062.3,1756,1059.7,1576.7,1483.7,1376.6,2200.9,1698.8,1417.3,1554.9,1535.5,2178.8,1341.5,1569.9,1935.8,2666,1176,1792.7,1534.8,1986.2,1499.8,2282.1,859.89,1991.9,1613.8,1839.7,1442.2,2004.4,1775.7,1285.3,1882.8,1315.8,1633.8,1063.3,1427,1825.6,945.31,2027.1,1219.3,1351.3,2206.5,1957.9,1679.8,2277.2,698.4,1384.8,1331.8,1332.3,1610.5,1914.3,2473.4,1798.8,1108.6,1761,1194.3,1538.4,1525.6,2795.7,1884.6,1668.6,1473.7,1574.5,1559.1,1457.9,1880.9,1654.6,1347.2,2057.6,2565,2452.8,2448.6,2032.7,1920.5,1657.6,2251.6,2144.3,2249.6,1523.3,1248.7,2389.4,1643.5,1764.1,1843.9,1752,2404.2,1740.3,2061.4,2110.8,2516.6,1229.9,1816.9,2163.6,1849.3,2106.7,1961.6
3615.7,2813.1,2473,2930.8,2455.2,2385.4,3407.1,2084.3,2810.6,2485.1,2780.4,2521.1,2648.2,2240.1,2361.2,3350.5,3079.1,1989.1,2356.1,2367.5,3230.4,2398.8,3373,3203.9,1978.5,2555.8,2998.1,3655.6,2431.2,3063.2,2810,1827.9,3293.6,2783.8,3178.3,2883,3073.2,2832.9,2218.5,2376.2,2192.6,2297.9,2103.7,3236.9,2664.1,3032.2,2724.7,2228.1,2484.3,2442.2,2866.4,2257.8,2269.7,2079.6,2520.5,2197,2722.7,3658.7,2512.4,3216.5,2602.3,2357.6,2531.8,3306.8,3025.3,3439,3181.4,3099.7,2313.5,2982.9,2659,2392.7,2611.2,2901.4,2939.9,2796.8,3308.8,3591.8,3026.8,2607.8,2514.4,3214.7,3086.6,2993.8,2265.3,2958.8,3201.5,3187.9,2562.3,2663.8,2593.1,1965,2393.9,3231.9,3004.9,2328.1,3078.6,3277.5,2815.8,2947.8,3723.9,2322.3,2588.1,2421.5,2965.5,3262.8,3604.2,2451.2,2195.6,2670.4,2110.9,3329.7,2707.4,2395.4,2384.2,2843.7,2350.3,2821,3619,2549.4,2630.7,2425.3,2298.3,2707.5,2772.1,2492.2,2354.3,2844.2,3161.2,2656.1,3719.3,2541.4,2812.2,2264.3,2967.1,2415.1,2427.9,2667.9,2561.3,2683.7,2255.2,2409.8,3026.4,3452,2185.7,3279.7,2843,2379.3,3574.8,2283.5,2481.1,2874.7,2408.3,3393.8,2686.7,2875.1,3338.9,3712.3,4000,2606.3,3188.9,3318.4,2566.8,2776.3,3107.3,3136.3,2354.4,3011.7,2990.4,3256,2585.5,2698.1,3170.9,3491.7,3430.6,2244,3232.4,2674.6,3428.7,2609.8,3421,3357.3,2942.6,2478.4,3536.2,3200.9,2923.5,3555.1,4000,2309.3,2902.8,3268.9,3522.7,3219.7,3272.4,3254.9,3403.8,2666.2,3439,2261,3257.5,3561.9,3209.5,3030.5,2401.8,2304.6,3323.9,3254.8,3261.4,3634.6,3586.4,3385,2525.2,4000,3279.1,3324,4000,2294.1,2614.7,3240,2243,3056,2597.3,3258.6,3583,2762,2727,2514.5,2803.8,3358.3,2430.1,2672.2,2578.8,2905.8,3607,3273.9,3471,3462.5,3511.8,3626,3004,3703.9,2799.9,3179.1,3510.7,2955.5,3402,3474.8,3452.3,3376.6,3130.4,3639.6,3479,3480.1,3307,3461.2,3274.4,3520.6,3262.3,3175.4,3337.5,2568.2,3065.4,3302.5,2671.3,3189.6,2573.3,2768.9,3362.7,3453.6,3343.4,2539.7,2500.4,2790.6,2559.6,3410.5,3442.2,3352.2,3643.5,3319,2251.5,2482.8,3515.1,3308.7,2893.4,3039.3,3445.4,3419.7,2476.1,2786.4,4000,2507.6,3118.2,3060.8,3329.7,2934.9,2009.7,3392.7,3399.1,2524.6,3328.1,3219.5,3024.9,2610,4000,2680.6,3181.9,2589.8,3194.2,3311.2,3262,3442.5,3371.7,2837.4,2324.5,2613.4,3459.5,2840.6,3442.2,3344,2906.9,3243.3,2333.3,2862.3,2375.9,3052.6,2997.3,2126.9,2516.3,2607.4,2916.2,3039.1,2708.6,3184.2,3169.4,2375.7,2538.5,2508,2441,2542.6,2363.7,2537.7,1948.6,2421.2,2489.4,2460.2,2334.7,2433.3,2079.7,2333.1,2538.1,2444.6,2194.1,3034.3,3254.6,2768.1,2472.4,2471.8,2367.7,2823.6,2568.2,3032.2,2476.9,2487.9,2359.8,2412.7,2545.9,3211.2,2481.1,2393.9,2322.2,2818.7,3000.1,3256.4,2157.1,2561.1,2911.1,2052.8,2520.6,2036.2,2506.1,2251.8,2327.5,3192.9,3134.3,2585.2,2368,2409.4,2487,2292,3155.1,2762.6,3111.6,2648.6,2420.3,2461.8,3087.3,2523.8,3208,2590.1,2457.1,2336.5,2516.8,2564,2895.2,2863.6,3196.3,2164.1,2610.8,2211.1,2544.7,2745.7,2742.7,2750.7,2201.9,2096.8,2630.6,2978.7,2394.6,2250.5,2447.6,2316.3,2420.2,2532.5,2398.9,2852.1,2395.7,2934.1,2329.2,3023.7,3082.9,2997.1,3155.3,2679.6,2257.2,2578.3,2533.6,2667.9,2434.4,2650.2,3215.4,2760.2,2253.5,2631.9,2865.4,2242.5,3170.8,2485.1,3007.2,2522.3,2249,2455.7,2984.3,2335.8,2804.8,3235,2496.7,2617.9,2187.2,2758.3,2454.1,3228.1,2255.4,2677.5,2676.9,2339.4,2185.8,2355.5,2567.6,2556.8,2569.7,2479.1,2842.8,2628.8,2523,2762.9,3117.6,3279.1,2762.9,2291.9,2084,3215.4,2338.9,3373.2,2126.8,2301.1,2708.9,2653.4,3112.5,3077.4,3208.5,2326.3,2910.3,2609,2047.4,2140.5,2382,3221.5,2651.6,2766.7,2257,3092,3144.9,2635.3,2496.6,2759.8,2064.6,2793.3,2726.1,2507.6,2273.7,3048.5,3182.2,2295,2518.9,2228.4,2688.3,2402,2759.5,3662.5,3188.1,2597.8,1828.6,2639,2245.2,2252.7,2699.9,2763.3,2659.6,3101,4000,3528.9,3250.8,2973.9,2735.1,2545.1,3230.2,3248.7,3323.8,3041.1,2249.8,3117.4,2779.3,3206.5,2669.9,2248.5,3070.4,2986.9,2646.8,2626.1,3626.5,1714.5,2536.7,3474.1,3404.9,3193.7,2625.9
0,4000,3544.2,3017,3336.2,3265.2,4000,3403.6,3076.3,4000,3601.4,3514.7,3070.4,3370.7,3213.8,4000,4000,3828.3,3591.4,3324,4000,4000,3528.6,4000,3760.4,4000,3722.8,4000,3306.9,4000,4000,3492.6,0,3084.5,4000,4000,4000,4000,3310.3,3013.2,3208.5,3500.3,3255.8,4000,3309.1,4000,3277.7,3268.9,4000,3624.8,3262.5,3629.6,3557.2,3582.7,3656.4,3301.7,3066.1,4000,4000,4000,3432.7,3453.2,3292.2,0,3614.3,4000,0,4000,3151.7,4000,3446.8,3239.8,3155,4000,4000,4000,4000,0,4000,3079.6,3286.7,4000,4000,3474,3331.3,4000,4000,4000,3406.1,3063,3232.6,3005,3283.8,4000,4000,3183.2,4000,4000,3445.3,4000,0,3501,3195.4,2956,4000,4000,4000,3413.2,3620.2,4000,3547.3,4000,3523.9,3429.3,4000,0,3367.7,3301.6,0,3264.4,4000,3449,3454.3,3299.7,4000,3616.3,3227.5,3498.7,3420.7,4000,4000,3496.7,3468.8,4000,4000,3176.5,2844.6,3486.5,2877.6,4000,3594.8,4000,4000,4000,3537.6,4000,4000,3456.5,4000,3552.9,3152,4000,3657.5,0,3225.8,3238.3,4000,4000,0,4000,0,4000,4000,4000,4000,4000,4000,4000,4000,4000,3564.9,4000,4000,0,0,3661.3,0,3323.5,0,4000,0,0,4000,4000,0,4000,4000,4000,4000,3631.9,4000,4000,0,0,0,0,0,4000,0,3493.9,0,4000,4000,4000,3576.8,3120.2,4000,4000,4000,0,4000,0,3169.9,4000,4000,0,4000,3110,4000,4000,3422.3,4000,4000,4000,0,3159.9,3177.7,3517,3528.5,4000,3551,3464.6,3555.5,4000,0,0,4000,4000,4000,4000,4000,4000,3474.5,3583.9,4000,3499,0,4000,4000,0,3359.9,4000,0,0,3462.1,0,4000,0,4000,3288.6,4000,3311.4,3394.4,4000,4000,0,3433.8,4000,4000,4000,4000,3539.8,3320.2,3456.7,3622.1,4000,4000,4000,0,4000,3462.6,3486.1,0,4000,3461.1,3341.3,4000,0,3445.1,3348.8,4000,4000,4000,4000,0,4000,3052,4000,0,3388.1,0,4000,0,4000,4000,4000,4000,3168,4000,4000,4000,0,0,4000,3697.2,4000,0,4000,0,4000,4000,4000,3294.9,4000,3593.4,0,4000,3306.9,3307.2,4000,4000,4000,3286.6,4000,3183.2,3401.2,3369.9,3295.3,3381.2,3396.5,3285.4,3258.6,3204.3,4000,3312.9,3350.8,3158.7,3211.5,3282.6,3225.5,3289.7,3208.2,3225.2,3155.3,4000,3283.4,3353.7,3215.1,3137.6,4000,4000,4000,3333.7,3175,3361.3,3288.5,4000,0,3293.7,3165.3,3072.4,4000,4000,4000,3269.9,3307.4,4000,3181,3237.5,2988.4,3189,3128.2,3149.9,4000,4000,3158.7,3318.1,3182.3,3171.1,3226,4000,3258.9,4000,3155.4,3085,3135,4000,3132.9,0,2830.3,3171.5,3096.9,3134,3206.9,4000,3204.6,4000,3048.9,3225.5,3162.9,3099.3,3200.3,3077.8,4000,2973.8,3056.6,3191.2,4000,3020.4,3127.1,3582.4,3041.7,3030.8,3107.3,3109.9,4000,3221.7,4000,3394.7,4000,4000,3206.9,4000,4000,3380.4,4000,3111.3,2753.9,3103.8,3100.3,4000,3393.8,3454.6,3155.9,4000,4000,4000,3064.4,4000,3235,3076.8,2996.6,3219.4,3050.2,4000,4000,3764.1,3256.4,3277.7,3084.7,3972.2,4000,3144.3,4000,3290,3523.1,3446.8,3157.1,4000,4000,3086.4,3555.2,3019.6,3151.2,3416.5,3147.5,4000,0,3771.8,3445.9,3772.2,4000,3238.2,0,4000,3607.2,4000,3282.7,4000,4000,0,3403.8,4000,4000,3700.8,3422.7,4000,4000,3282.8,4000,3497.4,4000,4000,4000,3547.2,4000,3379.1,3276.7,3267.9,3524.1,3250.4,3051.1,4000,3221.3,3687.6,3577.6,3400.8,3498.5,3251.6,0,4000,3119.2,3103.7,4000,3484.5,3377.9,4000,3238.8,3078.7,4000,4000,0,4000,4000,3105.5,3492.8,4000,4000,4000,3432.8,3247.9,0,3345.8,4000,3307.7,3229.3,4000,4000,4000,3480.4,0,3315.5,4000,0,4000,4000,4000
0,0,0,0,0,0,0,0,0,4000,0,0,0,0,0,0,0,0,0,0,0,4000,0,0,0,0,0,0,0,0,0,0,0,0,0,0,0,0,0,0,0,0,0,0,0,0,0,0,0,0,0,0,0,0,0,0,0,0,0,0,0,0,0,0,0,0,0,4000,0,4000,0,0,0,4000,0,0,0,0,0,0,0,0,0,0,0,0,0,0,0,0,0,0,0,4000,0,0,0,0,0,0,0,0,0,0,0,0,0,0,0,4000,0,4000,0,0,4000,0,0,0,0,0,0,0,0,0,0,0,0,0,0,0,0,0,0,4000,0,0,0,0,0,0,0,4000,0,0,0,0,4000,0,4000,0,0,4000,0,0,0,0,0,0,0,0,0,0,0,0,0,0,0,0,0,0,0,0,0,0,0,0,0,0,0,0,0,0,4000,4000,0,0,0,0,0,0,0,0,0,0,0,0,0,0,0,0,0,0,0,0,0,0,0,0,0,0,0,0,0,0,0,0,0,0,0,0,0,0,0,0,0,0,0,0,0,0,0,0,0,4000,0,0,0,0,0,0,0,0,0,0,0,0,0,4000,0,0,0,0,0,0,0,0,0,0,0,0,0,0,0,0,4000,0,0,0,0,0,4000,0,0,0,0,0,0,0,0,0,0,0,0,0,0,0,0,0,0,0,0,4000,0,0,0,0,0,0,0,0,0,0,0,0,0,0,0,0,0,0,0,0,0,0,0,0,0,0,0,0,0,0,0,0,0,0,0,0,0,0,4000,0,0,0,0,0,0,0,0,0,0,0,0,4000,0,0,0,0,0,0,0,0,0,0,0,0,0,0,0,0,0,0,0,0,0,0,0,0,0,0,0,0,0,0,0,0,0,0,0,0,0,0,0,4000,0,0,0,0,0,0,0,0,4000,0,0,0,0,0,0,0,0,0,0,0,4000,0,0,0,0,0,0,0,0,0,0,0,0,4000,0,0,0,0,0,0,0,0,0,0,0,0,0,0,0,4000,0,4000,0,0,0,0,0,0,0,0,0,4000,0,0,4000,0,0,0,0,0,0,0,0,0,0,0,0,0,0,0,0,0,0,0,0,0,0,0,0,0,0,0,0,0,0,0,0,0,0,0,4000,0,0,0,4000,0,0,0,0,0,0,0,4000,0,0,0,0,0,0,0,0,0,0,0,0,0,0,0,0,0,0,0,0,0,0,0,4000,0,0,0,0,0,4000,0,0,0,0,0,0,0,0,0,0,0,0,0,0,0,0,0,0,0,0,0,0,0,0,0,4000,0,0,0,0
0.003811,0.01375,0.0066631,0.010987,0.0062175,0.0050054,0.0065197,0.0072406,0.0064666,0.010332,0.006416,0.0080483,0.010161,0.0044913,0.010421,0.017509,0.004731,0.0047152,0.014595,0.011545,0.011595,0.0071213,0.0080295,0.0059166,0.0069616,0.0049821,0.0051462,0.0096108,0.0076403,0.0096125,0.010836,0.0027119,0.0060482,0.0094185,0.011462,0.0075717,0.010676,0.0047924,0.0045404,0.0027562,0.0066845,0.004018,0.004038,0.010002,0.01845,0.0073662,0.010042,0.010147,0.0084002,0.013072,0.011981,0.012188,0.017238,0.0076396,0.0052476,0.005013,0.008215,0.0074093,0.0023895,0.012083,0.0055708,0.006602,0.0059414,0.01149,0.0076213,0.0081159,0.013118,0.0036105,0.011378,0.013517,0.011889,0.0071397,0.0030878,0.0077208,0.0095056,0.0065461,0.0090368,0.014456,0.0047932,0.0073448,0.0072672,0.0067565,0.0061946,0.014142,0.012926,0.0061335,0.025694,0.011836,0.0067492,0.0097624,0.0072108,0.0054783,0.013586,0.010704,0.016999,0.0099156,0.01126,0.0106,0.0065529,0.0055556,0.0085571,0.0050599,0.0022828,0.0031068,0.0096275,0.0082426,0.0098232,0.013345,0.0076828,0.010558,0.0020022,0.0072473,0.01349,0.0047318,0.018126,0.012152,0.010244,0.01738,0.0091425,0.011421,0.0056809,0.010293,0.0074855,0.0052334,0.01004,0.011677,0.0069373,0.0037016,0.0069006,0.0062882,0.0094913,0.0062907,0.01022,0.0043588,0.0099605,0.0081252,0.0055766,0.010309,0.0079213,0.013823,0.0066332,0.010688,0.010786,0.0077184,0.0083401,0.0052412,0.013459,0.012505,0.013793,0.0063413,0.0085164,0.0086859,0.0096325,0.013696,0.0069028,0.016971,0.0073247,0.0043308,0.0064057,0.0073423,0.0067351,0.0088384,0.010026,0.012627,0.0076697,0.0074854,0.0083269,0.0054285,0.010438,0.018022,0.0068422,0.010785,0.012662,0.0098413,0.0075327,0.008978,0.012745,0.0095859,0.0041547,0.0030576,0.020564,0.014228,0.01544,0.0062366,0.017031,0.003655,0.005274,0.0036638,0.015115,0.0094786,0.0050261,0.014638,0.0034267,0.010919,0.0052838,0.0053811,0.016251,0.0071026,0.005109,0.007054,0.014077,0.0026532,0.0054698,0.021065,0.021523,0.011139,0.0062488,0.0095846,0.0086819,0.0091241,0.0053653,0.0074839,0.0066852,0.0073229,0.0048848,0.0073921,0.021015,0.013664,0.0053591,0.0054159,0.0093409,0.011187,0.013383,0.0070084,0.0034369,0.01126,0.0050883,0.013914,0.030619,0.023634,0.012412,0.061636,0.025075,0.019091,0.014495,0.013749,0.022518,0.020944,0.0045962,0.0075288,0.008247,0.012843,0.029758,0.0087782,0.01753,0.015151,0.015745,0.037561,0.017604,0.011512,0.02065,0.021798,0.023831,0.029616,0.022209,0.048038,0.017112,0.024313,0.0064434,0.0082173,0.019929,0.014489,0.01176,0.03476,0.021284,0.019038,0.011208,0.012307,0.029973,0.011756,0.02905,0.018878,0.016869,0.010733,0.011564,0.013294,0.018375,0.0028238,0.011352,0.020069,0.020929,0.011281,0.0081671,0.0091576,0.0081344,0.019508,0.0044858,0.01342,0.020508,0.032448,0.0082502,0.011908,0.01224,0.0097935,0.011323,0.0062523,0.011792,0.030541,0.026444,0.022074,0.020586,0.022218,0.0045451,0.0043613,0.017068,0.011564,0.0078334,0.0083986,0.0073774,0.023262,0.012584,0.0070238,0.013347,0.0053101,0.0090023,0.010115,0.012541,0.0079394,0.018661,0.01213,0.0042858,0.013781,0.0045557,0.0062397,0.00968,0.007969,0.026985,0.065309,0.025279,0.033839,0.054126,0.019484,0.14823,0.071063,0.048385,0.061981,0.047052,0.06016,0.1177,0.071815,0.051134,0.047442,0.023307,0.026035,0.17549,0.07922,0.093031,0.070135,0.03171,0.030729,0.13973,0.093675,0.10112,0.086723,0.037873,0.030435,0.1298,0.077642,0.082649,0.049153,0.03361,0.044975,0.13742,0.072986,0.067594,0.048021,0.030512,0.020899,0.15343,0.068162,0.097416,0.05611,0.026327,0.017483,0.096853,0.062489,0.057623,0.059402,0.020692,0.013921,0.088285,0.1016,0.078981,0.051174,0.025101,0.017193,0.054611,0.10084,0.079677,0.058127,0.039572,0.030596,0.044548,0.098559,0.066181,0.062398,0.01871,0.031074,0.031526,0.039108,0.093998,0.045417,0.022694,0.04743,0.024775,0.04107,0.032213,0.074676,0.054646,0.025265,0.018201,0.024334,0.025031,0.024801,0.04658,0.029621,0.049111,0.043366,0.02779,0.027393,0.025144,0.068631,0.060646,0.044763,0.033238,0.034573,0.015019,0.027951,0.052216,0.060386,0.024534,0.033799,0.019095,0.031659,0.0063024,0.0273,0.045282,0.037423,0.034656,0.029067,0.0064511,0.014816,0.0245,0.020278,0.02483,0.040483,0.024283,0.018664,0.027253,0.018022,0.016976,0.02676,0.042744,0.035686,0.009589,0.01229,0.01422,0.010288,0.014026,0.027886,0.021836,0.011589,0.031085,0.021777,0.010588,0.013038,0.01624,0.017805,0.012291,0.012514,0.019793,0.021511,0.0056896,0.029783,0.019901,0.036045,0.01195,0.034038,0.011393,0.026215,0.01468,0.0062742,0.021583,0.019567,0.0054335,0.017954,0.011479,0.015956,0.0099518,0.0088521,0.011063,0.022677,0.013424,0.0039351,0.015535,0.0048539,0.0064573,0.0075594,0.012943,0.01689,0.0097235,0.013152,0.0041526,0.014145,0.02021,0.010165,0.0063935,0.01439,0.010886,0.017737,0.0048945,0.01691,0.014086,0.0056656,0.009025,0.020444,0.017737,0.0066983,0.0089773,0.0099805,0.011515,0.001822,0.0095484,0.010036,0.010811,0.0092425,0.010707,0.0045341,0.0092872,0.014538,0.01056,0.015223,0.019046,0.0075693,0.0081987,0.0080362,0.017279,0.0090381,0.0074515,0.011152,0.0042697,0.0055225,0.012401,0.0079613,0.0067002,0.0062256,0.0063608,0.0099332,0.014393,0.025023,0.0083764,0.0050043,0.0060718,0.01505,0.0038485,0.011908,0.0088011
0.01043,0.0065266,0.01044,0.0097709,0.002852,0.010732,0.0052162,0.0012571,0.0060856,0.0092627,0.0031567,0.0085541,0.0043916,0.011288,0.0031473,0.012449,0.011218,0.0065343,0.004121,0.010507,0.0060288,0.0098233,0.0048088,0.011216,0.0029722,0.009559,0.016118,0.014988,0.0050412,0.0063541,0.0028369,0.0068167,0.0085847,0.005515,0.0051453,0.011343,0.011919,0.0035638,0.006201,0.013183,0.002485,0.0052079,0.0027126,0.0051166,0.011297,0.0085662,0.0088526,0.0051519,0.0022624,0.013773,0.011419,0.0023752,0.0059005,0.0030561,0.0021801,0.0035504,0.0056841,0.019758,0.0097073,0.0076469,0.0048819,0.009394,0.0086825,0.0094807,0.006953,0.0040223,0.0031113,0.012441,0.010751,0.0062571,0.0092786,0.009695,0.0073419,0.0054488,0.0056898,0.015061,0.0034599,0.0059821,0.0076289,0.0021773,0.0081306,0.013261,0.0058762,0.01831,0.008804,0.0073044,0.016289,0.0067442,0.0078835,0.00388,0.00932,0.0020887,0.0060253,0.012818,0.0077515,0.0058113,0.0080392,0.015054,0.020271,0.011443,0.015289,0.010936,0.0071233,0.012236,0.010931,0.0073283,0.013378,0.010434,0.0063706,0.005616,0.0041349,0.011008,0.021321,0.017112,0.0058523,0.0022382,0.01115,0.0085967,0.0028874,0.014239,0.0047392,0.0056825,0.0095804,0.009019,0.0080524,0.018714,0.0078856,0.0071942,0.0038974,0.003621,0.013102,0.014252,0.01123,0.0063705,0.011793,0.0088142,0.0037917,0.0093391,0.018592,0.0019899,0.0044935,0.0036194,0.012506,0.010806,0.0091036,0.0057746,0.013278,0.0051183,0.015405,0.0051084,0.015525,0.01285,0.015303,0.01164,0.0082959,0.0086484,0.012449,0.011623,0.0079738,0.0060459,0.016848,0.011226,0.0049964,0.010678,0.0045015,0.0080514,0.0022221,0.0069122,0.0074128,0.0055112,0.0080022,0.011715,0.021173,0.0089739,0.0056574,0.0052665,0.0043787,0.016784,0.004791,0.016929,0.017208,0.016103,0.0048936,0.0050633,0.014213,0.012457,0.0084838,0.010833,0.01856,0.0050404,0.012707,0.014929,0.0093833,0.0083395,0.011628,0.0087005,0.012014,0.0049788,0.01197,0.010079,0.005744,0.0099146,0.010779,0.0096031,0.021365,0.011272,0.0071895,0.0065829,0.012672,0.0032644,0.010714,0.014937,0.0040601,0.0039439,0.010653,0.002669,0.011436,0.010296,0.01063,0.0097869,0.011165,0.0065667,0.014841,0.011974,0.010977,0.017846,0.0069308,0.0068842,0.031201,0.020047,0.013254,0.056928,0.022651,0.019827,0.0081023,0.010504,0.015718,0.031475,0.017921,0.025423,0.021556,0.006903,0.029223,0.012635,0.016464,0.013585,0.012633,0.046556,0.012351,0.020173,0.013147,0.014148,0.017217,0.016173,0.025749,0.008697,0.038133,0.042439,0.025466,0.02273,0.028483,0.0072834,0.0074388,0.022781,0.022302,0.022744,0.014775,0.026586,0.03251,0.036835,0.045523,0.028128,0.030627,0.022964,0.009682,0.038396,0.019998,0.012554,0.013104,0.0054086,0.0080942,0.0096357,0.0264,0.01716,0.019205,0.019187,0.018511,0.013721,0.011911,0.034126,0.020125,0.0059107,0.033391,0.017983,0.021527,0.01371,0.0027363,0.012093,0.029023,0.009618,0.017072,0.025648,0.017276,0.0079837,0.021661,0.02335,0.020677,0.0080238,0.011549,0.014407,0.0214,0.018267,0.010813,0.0030409,0.0071608,0.015264,0.00706,0.015228,0.015256,0.011998,0.0096138,0.017601,0.0038749,0.0078147,0.017319,0.01136,0.03491,0.014762,0.028496,0.016683,0.033007,0.023331,0.07296,0.049709,0.043406,0.03068,0.024283,0.054168,0.12759,0.042627,0.027893,0.046177,0.0079086,0.0091853,0.10205,0.029043,0.030944,0.049878,0.0151,0.026921,0.10249,0.040845,0.03396,0.070541,0.043424,0.044697,0.12797,0.032876,0.052175,0.051484,0.035447,0.040512,0.13731,0.032355,0.061676,0.02358,0.029611,0.038675,0.10974,0.022898,0.042497,0.030671,0.049106,0.040942,0.059385,0.03069,0.05797,0.029346,0.0085448,0.0031464,0.074839,0.028993,0.044813,0.022971,0.021749,0.013794,0.044193,0.066163,0.054274,0.021828,0.023897,0.013823,0.027654,0.058157,0.031501,0.050403,0.025861,0.013841,0.027269,0.024233,0.060202,0.027027,0.014627,0.017033,0.014807,0.027795,0.026143,0.010761,0.042698,0.036161,0.034129,0.01984,0.009024,0.010068,0.015589,0.00594,0.025002,0.018838,0.015676,0.00453,0.0087296,0.018973,0.035186,0.02195,0.0055182,0.035358,0.0085578,0.026841,0.032492,0.045267,0.029814,0.030933,0.023666,0.015973,0.0085056,0.019901,0.020832,0.023878,0.016501,0.01298,0.023613,0.0045835,0.020957,0.014948,0.027991,0.011293,0.032626,0.0085323,0.0072121,0.0042117,0.0026811,0.01429,0.0087953,0.006071,0.014629,0.020285,0.0137,0.019605,0.0070653,0.018395,0.013865,0.012024,0.01855,0.011133,0.0053924,0.016702,0.019069,0.011682,0.010782,0.0049765,0.019781,0.020875,0.0061384,0.011242,0.021933,0.0060336,0.011118,0.032123,0.0075528,0.0081684,0.010004,0.0039993,0.0080252,0.013341,0.0046813,0.016091,0.017113,0.010416,0.0091995,0.0074535,0.0070721,0.012471,0.013036,0.014483,0.011793,0.005036,0.01122,0.011907,0.0086079,0.013308,0.016735,0.0052453,0.013091,0.018845,0.013667,0.0019155,0.0065102,0.022769,0.019593,0.017121,0.0046332,0.0067665,0.009359,0.0049989,0.011599,0.011986,0.011087,0.013633,0.0089521,0.012212,0.012143,0.0023299,0.0024634,0.0077288,0.013677,0.0050067,0.018595,0.011308,0.003875,0.013808,0.016256,0.015515,0.006058,0.01028,0.012696,0.010953,0.0083837,0.0073047,0.0070506,0.0064665,0.011713,0.0078364,0.0055096,0.0074652,0.0077843,0.0061566,0.009737,0.0036392,0.016749,0.016904,0.0099129,0.0013775,0.002051,0.010947,0.014683,0.02039,0.0046568
0.0091644,0.010106,0.011397,0.0061941,0.0082187,0.0048949,0.0067002,0.0028972,0.003358,0.010461,0.0045729,0.011517,0.0049885,0.012174,0.010588,0.0021125,0.0060008,0.0039398,0.012448,0.0042108,0.012493,0.0084251,0.0048617,0.010869,0.0075015,0.0068118,0.0076441,0.0064841,0.012064,0.0076742,0.01038,0.009383,0.015671,0.010193,0.01758,0.0078189,0.015214,0.0051401,0.0056344,0.0023726,0.0087895,0.011951,0.004848,0.010321,0.013018,0.0087827,0.0081147,0.010691,0.0039371,0.012297,0.0029735,0.014487,0.0080408,0.007357,0.0083304,0.012161,0.0029496,0.0044685,0.0058292,0.010343,0.0092367,0.017081,0.004243,0.013529,0.0068969,0.0059132,0.011006,0.013705,0.0042743,0.008262,0.0078333,0.0048311,0.010517,0.011515,0.0083437,0.0082564,0.010047,0.0046601,0.014146,0.008552,0.0083267,0.015312,0.0040215,0.011262,0.0038746,0.025574,0.011855,0.010488,0.0046987,0.0095649,0.0019863,0.0047952,0.011993,0.0031568,0.0096363,0.0061357,0.013302,0.0062247,0.0081026,0.016578,0.0098972,0.0063688,0.0073804,0.010897,0.018356,0.0029878,0.010881,0.0046816,0.0058049,0.0045375,0.0080659,0.014945,0.010813,0.004823,0.014324,0.017444,0.0078433,0.0071697,0.0040984,0.010569,0.0094258,0.0040098,0.0088844,0.014171,0.014187,0.012883,0.01539,0.0078313,0.0047856,0.0047456,0.0098437,0.012157,0.0031563,0.007976,0.0019312,0.0097801,0.0051845,0.0052807,0.0043262,0.011977,0.0088453,0.009302,0.0091639,0.0076821,0.009955,0.0097941,0.0035885,0.0064632,0.0083583,0.010865,0.0079534,0.0078064,0.016559,0.016218,0.0059267,0.011763,0.0083482,0.0062282,0.0042836,0.0071314,0.013566,0.0066779,0.011858,0.0041274,0.010094,0.022334,0.0039896,0.0079804,0.0059149,0.015642,0.01493,0.01344,0.014494,0.0060452,0.0053589,0.015737,0.0079294,0.00304,0.018812,0.0068604,0.0080591,0.0077908,0.013795,0.012418,0.014646,0.014078,0.014469,0.0053123,0.013238,0.0083959,0.0089763,0.020727,0.0052192,0.012028,0.0050146,0.0057873,0.013656,0.015852,0.015178,0.015555,0.010711,0.012306,0.011621,0.023583,0.016218,0.016303,0.0012864,0.010201,0.0076848,0.0027078,0.0083695,0.0067029,0.0083105,0.0036273,0.0082309,0.0038243,0.0049336,0.0022046,0.010605,0.0092113,0.010102,0.0096392,0.0043958,0.013117,0.010842,0.0078651,0.010812,0.01415,0.022392,0.032228,0.016041,0.048911,0.028304,0.010694,0.013368,0.011406,0.016701,0.038552,0.019567,0.011689,0.0053838,0.016697,0.0082853,0.029606,0.03614,0.021333,0.027997,0.045052,0.036078,0.034874,0.01031,0.030335,0.032503,0.026708,0.036842,0.020518,0.016396,0.01538,0.015739,0.0058732,0.036854,0.026918,0.01124,0.021817,0.017445,0.013964,0.059317,0.023755,0.026771,0.032758,0.068469,0.032299,0.038915,0.012673,0.025302,0.015916,0.018486,0.018921,0.023698,0.0153,0.016947,0.037559,0.012092,0.015142,0.01109,0.0099482,0.019416,0.020209,0.011104,0.024901,0.00612,0.026417,0.010241,0.0089847,0.011951,0.022388,0.011356,0.019542,0.029381,0.012842,0.026695,0.010995,0.0089851,0.012141,0.011226,0.02103,0.018105,0.010861,0.0075683,0.024342,0.00975,0.010886,0.017259,0.013754,0.016028,0.013975,0.01563,0.0081198,0.0133,0.0072001,0.011102,0.014885,0.011075,0.015597,0.0039002,0.018328,0.025331,0.034461,0.01434,0.022585,0.019303,0.029722,0.032343,0.091165,0.0068845,0.03271,0.02055,0.029891,0.10117,0.065124,0.072218,0.036783,0.026757,0.043192,0.068769,0.064679,0.047167,0.051463,0.037434,0.050606,0.076226,0.051707,0.038899,0.013649,0.039388,0.025553,0.090404,0.064817,0.015929,0.034594,0.043711,0.016594,0.088817,0.065841,0.031608,0.045917,0.023773,0.012399,0.06148,0.037603,0.027797,0.025873,0.039981,0.021463,0.028351,0.039813,0.043924,0.011677,0.024816,0.023997,0.037621,0.040103,0.022741,0.032693,0.048238,0.023562,0.03867,0.042779,0.016035,0.034199,0.047956,0.014252,0.03895,0.043157,0.013878,0.031447,0.045786,0.034715,0.03631,0.010461,0.031809,0.034726,0.027399,0.0054402,0.023715,0.012507,0.022951,0.057946,0.01802,0.0063842,0.018697,0.013271,0.0041828,0.032783,0.038228,0.024957,0.016173,0.01848,0.008109,0.017424,0.014718,0.034896,0.010651,0.024173,0.03114,0.017708,0.015019,0.018997,0.018145,0.069275,0.039888,0.010359,0.0074328,0.011367,0.015898,0.020312,0.026252,0.01137,0.013305,0.016186,0.013858,0.0097294,0.019153,0.025425,0.012974,0.02443,0.020119,0.0035014,0.017682,0.0051119,0.013479,0.036411,0.01938,0.012064,0.014427,0.021315,0.010815,0.013961,0.0086361,0.0079426,0.018446,0.0096998,0.0053685,0.019262,0.011277,0.018524,0.015332,0.014065,0.0096302,0.0066922,0.010568,0.009876,0.0024093,0.0052186,0.034816,0.0075995,0.0060166,0.029246,0.015967,0.014799,0.017362,0.0053787,0.0081868,0.012729,0.011637,0.004947,0.013017,0.013138,0.012122,0.019664,0.026183,0.018307,0.011782,0.015342,0.011885,0.0082204,0.0040575,0.015186,0.022853,0.014771,0.023798,0.018361,0.0061842,0.0074508,0.014935,0.013048,0.01413,0.0036381,0.011296,0.016805,0.0072455,0.0029937,0.0082418,0.0063386,0.018112,0.0058395,0.0069926,0.0038352,0.014649,0.0057031,0.0096108,0.0068555,0.0082158,0.016273,0.0060631,0.022284,0.010668,0.0089735,0.013588,0.010456,0.025269,0.015666,0.0089414,0.009901,0.0031927,0.012412,0.012626,0.0069022,0.010551,0.0087687,0.004069,0.012578,0.0080926,0.020403,0.009001,0.0086934,0.0090234,0.0091522,0.011458,0.0034447,0.010806,0.0026865,0.0040615,0.016097,0.009858,0.0081699,0.012094
0,0.0070429,0.0044569,0.0034783,0.0031422,0.006437,0.0011894,0.0076663,0.011764,0.022479,0.0029402,0.010895,0.014408,0.013662,0.020579,0.0095154,0.011154,0.0069591,0.0090231,0.01521,0.0018123,0.015744,0.0025375,0.0026181,0.0063438,0.0058755,0.0021224,0.0024149,0.018873,0.0045834,0.003932,0.012607,0,0.0075809,0.0016867,0.015802,0.0029052,0.0039335,0.013688,0.0082277,0.0054591,0.0070285,0.006173,0.001605,0.015934,0.0023159,0.0050599,0.0072558,0.0058041,0.006884,0.014901,0.0048313,0.010711,0.01294,0.0046818,0.006768,0.0052979,0.0026408,0.0047428,0.0020246,0.0070169,0.010851,0.0093034,0,0.0074254,0.0044769,0,0.0060977,0.016696,0.013137,0.0046122,0.017705,0.0040877,0.0045104,0.0058433,0.0082613,0.0022735,0,0.0056059,0.0054734,0.011521,0.0085581,0.0034576,0.0081936,0.010522,0.0015902,0.0058573,0.0015881,0.014117,0.007043,0.0094939,0.014864,0.010222,0.004221,0.0070048,0.015986,0.0017657,0.0018172,0.013021,0.0074042,0,0.0075439,0.0087212,0.012522,0.013067,0.0047899,0.0024287,0.0083569,0.0085057,0.003376,0.01066,0.0014476,0.015777,0.0093182,0.0043459,0,0.0088081,0.0066643,0,0.016726,0.016832,0.0099131,0.0048606,0.0034751,0.0036077,0.006039,0.0066127,0.010378,0.0054402,0.008188,0.0012555,0.004547,0.010387,0.010956,0.011153,0.0065427,0.0056211,0.0072835,0.01757,0.0054183,0.014094,0.0061572,0.0060467,0.0019928,0.01052,0.001494,0.0038362,0.010096,0.0029418,0.012611,0.01834,0.0068715,0.01231,0,0.014169,0.0027486,0.0026421,0.0012874,0,0.0043775,0,0.0057514,0.01081,0.0062974,0.0037422,0.0028126,0.014698,0.014966,0.0099909,0.003336,0.011999,0.002996,0.0088065,0,0,0.019055,0,0.019547,0,0.019536,0,0,0.0057301,0.012669,0,0.0065854,0.0018593,0.0022824,0.0041058,0.0065549,0.0056791,0.0022883,0,0,0,0,0,0.017779,0,0.0097557,0,0.0012486,0.002802,0.0093882,0.026657,0.010526,0.0078058,0.002396,0.0039998,0,0.0012291,0,0.0091791,0.0018654,0.0021976,0,0.0032652,0.013045,0.016848,0.0018475,0.012434,0.0031809,0.0038636,0.0029203,0,0.01022,0.0072717,0.010078,0.0213,0.018824,0.050271,0.054213,0.029812,0.025209,0,0,0.0034612,0.010009,0.0027731,0.0028567,0.0076613,0.0046744,0.03124,0.021834,0.0049033,0.03069,0,0.0095807,0.0039396,0,0.024681,0.004808,0,0,0.0067999,0,0.0063557,0,0.012945,0.019557,0.013817,0.0081575,0.031927,0.021377,0.024197,0,0.018305,0.012849,0.0073233,0.0078826,0.013594,0.053304,0.039259,0.0089756,0.031303,0.0031843,0.0038439,0.0040912,0,0.0026097,0.037394,0.017965,0,0.0027386,0.024595,0.031957,0.0084124,0,0.031935,0.022504,0.0030457,0.01067,0.0040757,0.0035338,0,0.0045343,0.017976,0.004418,0,0.030958,0,0.0096966,0,0.0078884,0.0040072,0.0065635,0.0036035,0.0088873,0.0026307,0.0054932,0.0053567,0,0,0.0033149,0.011984,0.0094313,0,0.0044884,0,0.0029731,0.013997,0.0071706,0.0040016,0.0095113,0.01433,0,0.0059673,0.056129,0.030371,0.034327,0.011445,0.014145,0.089052,0.01422,0.076558,0.045386,0.017461,0.034465,0.10822,0.053317,0.079198,0.012324,0.02787,0.02111,0.093291,0.045871,0.047278,0.060704,0.046231,0.038945,0.099329,0.08075,0.087899,0.045799,0.0052079,0.014204,0.079714,0.052009,0.032137,0.0122,0.029874,0.014677,0.094591,0.050435,0.042623,0.034408,0.0048624,0,0.084582,0.029754,0.048838,0.01244,0.0053551,0.0052043,0.067837,0.030322,0.031438,0.045787,0.028217,0.023037,0.069739,0.1085,0.058719,0.011819,0.0089896,0.035225,0.058916,0.099399,0.046966,0.048188,0.004379,0.017869,0.0058201,0.069138,0.059707,0.085751,0.0071142,0.06185,0,0.037723,0.052485,0.06696,0.041662,0.030261,0.0056675,0.022843,0.0088365,0.073003,0.0183,0.041439,0.035812,0.033017,0.032213,0.0097076,0.036794,0.018618,0.022171,0.0057897,0.023745,0.029738,0.0057092,0.05399,0.033913,0.031498,0.033128,0.013932,0.018112,0.0062321,0.030774,0.0080486,0.0075067,0.022093,0.0028399,0.016424,0.0037479,0.0093101,0.039482,0.019765,0.035319,0.025277,0.0054095,0.010018,0.026659,0.010801,0.0053756,0.026554,0.0055301,0.01584,0.022056,0.028213,0.012986,0.043468,0.011036,0.025738,0.011073,0.0065937,0.0085287,0.026495,0.016414,0.010254,0.0090539,0.0046545,0.019036,0.0064488,0.0054242,0.013783,0.037889,0.03871,0.012674,0.0067127,0.016888,0.011786,0.011504,0.016318,0.025736,0.024304,0.0099353,0,0.0046081,0.011036,0.017457,0.0028468,0.0069722,0,0.012966,0.0029008,0.0055945,0.0073258,0.0049965,0.0025373,0,0.017621,0.0043629,0.0078692,0.013304,0.010578,0.0078995,0.0068321,0.014239,0.0095037,0.0090661,0.0036685,0.0033622,0.010079,0.0078098,0.0066051,0.010821,0.018417,0.012121,0.0097361,0.018157,0.014438,0.0017836,0.012059,0.017115,0.013613,0.016272,0.013778,0.008593,0,0.002221,0.0053151,0.019226,0.011821,0.015672,0.012437,0.012294,0.0032959,0.010173,0.0037908,0.0025085,0,0.0026342,0.0031934,0.0098248,0.016214,0.0086631,0.0027766,0.0017001,0.0031992,0.015493,0,0.0049672,0.0036569,0.013962,0.0094528,0.0027559,0.0030625,0.0042156,0.006644,0,0.0078473,0.002654,0,0.0026197,0.0058392,0.0069808
0,0,0,0,0,0,0,0,0,0.0017231,0,0,0,0,0,0,0,0,0,0,0,0.0021892,0,0,0,0,0,0,0,0,0,0,0,0,0,0,0,0,0,0,0,0,0,0,0,0,0,0,0,0,0,0,0,0,0,0,0,0,0,0,0,0,0,0,0,0,0,0.0021057,0,0.001803,0,0,0,0.0015891,0,0,0,0,0,0,0,0,0,0,0,0,0,0,0,0,0,0,0,0.0018038,0,0,0,0,0,0,0,0,0,0,0,0,0,0,0,0.0021132,0,0.0011744,0,0,0.0033441,0,0,0,0,0,0,0,0,0,0,0,0,0,0,0,0,0,0,0.0036309,0,0,0,0,0,0,0,0.0053926,0,0,0,0,0.0030718,0,0.0012981,0,0,0.0013599,0,0,0,0,0,0,0,0,0,0,0,0,0,0,0,0,0,0,0,0,0,0,0,0,0,0,0,0,0,0,0.0019113,0.0027995,0,0,0,0,0,0,0,0,0,0,0,0,0,0,0,0,0,0,0,0,0,0,0,0,0,0,0,0,0,0,0,0,0,0,0,0,0,0,0,0,0,0,0,0,0,0,0,0,0,0.0030385,0,0,0,0,0,0,0,0,0,0,0,0,0,0.0056146,0,0,0,0,0,0,0,0,0,0,0,0,0,0,0,0,0.0068388,0,0,0,0,0,0.005971,0,0,0,0,0,0,0,0,0,0,0,0,0,0,0,0,0,0,0,0,0.0054639,0,0,0,0,0,0,0,0,0,0,0,0,0,0,0,0,0,0,0,0,0,0,0,0,0,0,0,0,0,0,0,0,0,0,0,0,0,0,0.0044385,0,0,0,0,0,0,0,0,0,0,0,0,0.0078411,0,0,0,0,0,0,0,0,0,0,0,0,0,0,0,0,0,0,0,0,0,0,0,0,0,0,0,0,0,0,0,0,0,0,0,0,0,0,0,0.0048514,0,0,0,0,0,0,0,0,0.0046063,0,0,0,0,0,0,0,0,0,0,0,0.0041828,0,0,0,0,0,0,0,0,0,0,0,0,0.0045075,0,0,0,0,0,0,0,0,0,0,0,0,0,0,0,0.0024351,0,0.0024983,0,0,0,0,0,0,0,0,0,0.0042341,0,0,0.0015358,0,0,0,0,0,0,0,0,0,0,0,0,0,0,0,0,0,0,0,0,0,0,0,0,0,0,0,0,0,0,0,0,0,0,0,0.0039936,0,0,0,0.0021671,0,0,0,0,0,0,0,0.004488,0,0,0,0,0,0,0,0,0,0,0,0,0,0,0,0,0,0,0,0,0,0,0,0.0012844,0,0,0,0,0,0.0018588,0,0,0,0,0,0,0,0,0,0,0,0,0,0,0,0,0,0,0,0,0,0,0,0,0,0.0014295,0,0,0,0
